ID,Term,Definition,Name,,,,,,,,,,,,,,,,,,,,,,
1,A -- is composed of symbols and subscripts indicating the number of atoms of an element in a compound.,chemical formula,Sci 1,,,,,,,,,,,,,,,,,,,,,,
2,A -- is the force that old atoms together in a compound.,chemical bond,Sci 2,,,,,,,,,,,,,,,,,,,,,,
3,Atmos form compounds when the compound is more -- than the separate atoms.,stable,Sci 3,,,,,,,,,,,,,,,,,,,,,,
4,"Atoms can lose, gain, or -- electrons to get a stable outer energy level.",share,Sci 4,,,,,,,,,,,,,,,,,,,,,,
5,"Bubbling of gas, or effervescence, indicates what kind of change?",A chemical change.,Sci 5,,,,,,,,,,,,,,,,,,,,,,
6,Elements that do not have full outer energy levels are unstable until they form a --,compound,Sci 6,,,,,,,,,,,,,,,,,,,,,,
7,Noble gases are more -- than other elements because they have a complete energy level.,chemically stable,Sci 7,,,,,,,,,,,,,,,,,,,,,,
8,Some elements combine chemically and no longer have the same -- they did before forming a compound.,properties,Sci 8,,,,,,,,,,,,,,,,,,,,,,
9,Why does placing wheels under a heavy box reduce the necessary force require to push it along at a constant speed?,The wheels allow the load to be equally distributed and moves the force on movement onto something that rolls reducing the required force,Sci 9,,,,,,,,,,,,,,,,,,,,,,
10,Which element is present in all organic compounds?,Carbon,Sci 10,,,,,,,,,,,,,,,,,,,,,,
11,Which of the following is most effective in helping rain forest plants trap sunlight so that light energy can be converted to chemical energy? a. Large root size b. Small seed size c. Large leaf size d. Small stem,C,Sci 11,,,,,,,,,,,,,,,,,,,,,,
12,Identify the type of enregy stored in a stretched bungee cord.,Potential,Sci 12,,,,,,,,,,,,,,,,,,,,,,
13,"Apply Newtonn's third law of motion to explain how 2 billiard balls, moving toward each other at the same speed, collide and move away from each other at the same speed as before.",The action of them hitting each other is = by them bouncing. They would move in the opposite direction.,Sci 13,,,,,,,,,,,,,,,,,,,,,,
14,Which process is most closely associated with the regulation of water loss from the leaves of trees? (1) digestion of water within the cytoplasm in the leaf cells of the trees (2) synthesis of protein by the chloroplasts in the leaf cells of the trees (3) movement of water through leaf openings controlled by the guard cells (4) absorption of nitrogen through leaf openings controlled by the guard cells,3,Sci 14,,,,,,,,,,,,,,,,,,,,,,
15,Explain why a backward-facing car seat is safer for an infant than a forward-facing car seat during a collision or abrupt stop.,"The baby would not slide forard, the cack af the seat safely distributes the force pushing him fwd.",Sci 15,,,,,,,,,,,,,,,,,,,,,,
16,explain the relationship between work and power,Power is the rate of doing work,Sci 16,,,,,,,,,,,,,,,,,,,,,,
17,The fight-or-flight response includes greater heart output and a rise in blood pressure. This response is due to A insulin secreted by the pancreas. B thyroxine secreted by the thyroid gland. C oxytocin secreted by the pituitary gland. D adrenaline secreted by the adrenal glands.,D,Sci 17,,,,,,,,,,,,,,,,,,,,,,
18,What is a nonelectrolyte,solution that does not contain ions,Sci 18,,,,,,,,,,,,,,,,,,,,,,
19,Explain why steam (gas) has a lower specific heat than water (liquid).?,molecular density of the gas is less than the liquid,Sci 19,,,,,,,,,,,,,,,,,,,,,,
20,Parts per million is used to express the (1) atomic mass of an element (2) concentration of a solution (3) volume of a substance (4) rate of heat transfer,2,Sci 20,,,,,,,,,,,,,,,,,,,,,,
21,Describe the method of heat transfer involved when you mix hot water with cold water to make lukewarm water.,conduction,Sci 21,,,,,,,,,,,,,,,,,,,,,,
22,Why are gamma rays more dangerous than alpha paticles or beta,"Gamma rays can pass through many more materials, such as clothing or walls. tjan alpha or beta particles can.",Sci 22,,,,,,,,,,,,,,,,,,,,,,
23,The process of photosynthesis ultimately converts light energy into — a. mechanical energy b. nuclear energy c. chemical energy d. electrical energy ,conduction,Sci 23,,,,,,,,,,,,,,,,,,,,,,
24,Whatkind of  energy is  produced by heat within the Earth,geothermal energy,Sci 24,,,,,,,,,,,,,,,,,,,,,,
25,A fruit fl y is classifi ed as a consumer rather than as a producer because it is unable to: (1) reproduce asexually (2) synthesize its own food (3) release energy stored in organic molecules (4) remove wastes from its body,2,Sci 25,,,,,,,,,,,,,,,,,,,,,,
26,"If the concentration of sodium is greater outside a cell than inside the cell, which process could move sodium out of the cell? (1) diffusion (2) carbohydrate synthesis (3) active transport (4) digestion",3,Sci 26,,,,,,,,,,,,,,,,,,,,,,
27,What is the most common term used in genetics to describe the observable physical characteristics of an organism caused by the expression of a gene or set of genes? ,ANSWER: PHENOTYPE,Sci 27,,,,,,,,,,,,,,,,,,,,,,
28,What is the biological term most often used for the act of a cell engulfing a particle by extending its pseudopodia (read as: SU-doe-POH-dee-ah) around the particle? ,ANSWER: PHAGOCYTOSIS,Sci 28,,,,,,,,,,,,,,,,,,,,,,
29,An aqueous solution in which the concentration of OH– ions is greater than that of H+ ions is: W) basic X) acidic Y) neutral Z) in equilibrium,ANSWER: W) BASIC,Sci 29,,,,,,,,,,,,,,,,,,,,,,
30,What property of a sound wave is most commonly associated with loudness? ,ANSWER: AMPLITUDE,Sci 30,,,,,,,,,,,,,,,,,,,,,,
31,Two types of organic reactions are (1) deposition and saponification (2) deposition and transmutation (3) polymerization and saponification (4) polymerization and transmutation,,Sci 31,,,,,,,,,,,,,,,,,,,,,,
32,"Organisms contain compounds such as proteins, starches, and fats. The chemical bonds in these compounds can be a source of: (1) amino acids (2) simple sugars (3) energy (4) enzymes",3,Sci 32,,,,,,,,,,,,,,,,,,,,,,
33,Which life function is not necessary for an individual organism to stay alive? (1) nutrition  (2) reproduction (3) regulation (4) excretion,2,Sci 33,,,,,,,,,,,,,,,,,,,,,,
34,"9 Fossil fuels have been used for years as a source of energy. Even though there are many negative issues associated with the use of fossil fuels, they continue to be used to a great extent. This is most likely because (1) they have been commercially available as an energy source (2) there are alternatives to these types of fuels (3) they have had a positive effect on global temperatures (4) fossil fuels can be burned to produce large quantities of carbon dioxide",1,Sci 34,,,,,,,,,,,,,,,,,,,,,,
35,A child with cystic fi brosis has an altered protein in his cells that stops chloride ions from leaving the cells. This protein most likely affects the functioning of (1) cell membranes (2) nuclei (3) mitochondria  (4) ribosomes,1,Sci 35,,,,,,,,,,,,,,,,,,,,,,
36,Fungi are decomposers that play an important role in the maintenance of an ecosystem. The role of fungi is important because they (1) synthesize energy-rich compounds that are directly used by producers (2) break down materials that can then be used by other organisms (3) limit the number of plants that can perform photosynthesis in an area (4) are competitors of other consumers such as herbivores,2,Sci 36,,,,,,,,,,,,,,,,,,,,,,
37, In which biome do the evaporation rates exceed the precipitation rates? a. Hardwood forest b. Desert c. Grassland d. Tropical jungle ,B,Sci 37,,,,,,,,,,,,,,,,,,,,,,
38,Which of these is the greatest limiting factor for plants that grow on the floor of a rain forest? a. Herbivores b. Water c. Sunlight d. Space ,C,Sci 38,,,,,,,,,,,,,,,,,,,,,,
39,What is a dipole?,A molecule that has both negatively and positively charged poles caused by the unequal distribution of electrons,Sci 39,,,,,,,,,,,,,,,,,,,,,,
40,Which of the following choices is not a method of preventing bacterial illnesses from spreading in a meat-processing plant? a. Using antibiotics to treat persons with food poisoning b. Washing hands and utensils with hot soapy water c. Use of gloves when handling raw meat products d. Treatment of work areas with chemical disinfectants ,A,Sci 40,,,,,,,,,,,,,,,,,,,,,,
41,"A mutation occurring in a human can be passed from parent to offspring when it occurs in a (1) lung cell, due to exposure to a toxic gas (2) gamete formed in the ovary (3) body cell undergoing mitosis (4) heart cell with chromosome damage",2,Sci 41,,,,,,,,,,,,,,,,,,,,,,
42,The basic building blocks of a protein are (1) glucose molecules (3) hormones (2) amino acids (4) fats,2,Sci 42,,,,,,,,,,,,,,,,,,,,,,
43,What is a polar molecule,A molecule that has partially charged electrical poles,Sci 43,,,,,,,,,,,,,,,,,,,,,,
44,Which processes represent one chemical change and one physical change? (1) freezing and melting (2) freezing and vaporization (3) decomposition and melting (4) decomposition and combustion,3,Sci 44,,,,,,,,,,,,,,,,,,,,,,
45,What kind of change is cracking open an egg?,"Physical (The egg is still an egg, it just looks different.)",Sci 45,,,,,,,,,,,,,,,,,,,,,,
46,The method that measures the change in water volume when an object is added is called                 ,Displacement,Sci 46,,,,,,,,,,,,,,,,,,,,,,
47,What does the law of impenetrability say?,Two objects can't be in the exact same place at the exact same time.,Sci 47,,,,,,,,,,,,,,,,,,,,,,
48,What is a volt?,the unit measurement of the difference between electrical potentials,Sci 48,,,,,,,,,,,,,,,,,,,,,,
49,Photosynthesis and respiration are alike in that they both (1) require the Sun as a direct source of energy (2) result in the production of glucose molecules (3) require specific catalysts (4) occur within mitochondria,3,Sci 49,,,,,,,,,,,,,,,,,,,,,,
50,Nicotine is only one of the many toxic chemicals inhaled while smoking. What effect can such toxic chemicals have on the body? (1) They stimulate an increase in height. (2) They stimulate uncontrolled cell division. (3) They eliminate carbon dioxide from cells. (4) They eliminate chromosomes from many cells,2,Sci 50,,,,,,,,,,,,,,,,,,,,,,
51,What is a resistor,any object that resists the flow of electricity,Sci 51,,,,,,,,,,,,,,,,,,,,,,
52,Which process uses energy to combine inorganic molecules to synthesize organic molecules? (1) respiration (3) photosynthesis (2) digestion (4) decomposition,3,Sci 52,,,,,,,,,,,,,,,,,,,,,,
53, Which sequence best represents increasing complexity? (1) tissues ? cells ? organelles ? organs (2) cells ? organelles ? organs ? organism (3) organelles ? cells ? tissues ? organs (4) organism ? cells ? tissues ? organelles,3,Sci 53,,,,,,,,,,,,,,,,,,,,,,
54,What is an ampere?,the unit used to measure the amount of current that flows past a point in one second,Sci 54,,,,,,,,,,,,,,,,,,,,,,
55,The organisms in a pond and the physical factors influencing them best describe (1) a population (3) a biosphere (2) an ecosystem (4) a food chain,2,Sci 55,,,,,,,,,,,,,,,,,,,,,,
56,A student holds a book at rest in an outstretched hand. The force exerted on the book by the student is equal to the book’s: A)Mass B)Weight C)Volume D)Density.,B,Sci 56,,,,,,,,,,,,,,,,,,,,,,
57,Photosynthesis is important for almost all life on Earth because it — a. is responsible for most decay b. uses simple elements c. produces oxygen d. releases usable forms of nitrogen ,C,Sci 57,,,,,,,,,,,,,,,,,,,,,,
58,What characteristic do all living things share? a. They reproduce by mitosis. b. They are made up of many parts. c. They contain DNA. d. They need oxygen to survive. ,C,Sci 58,,,,,,,,,,,,,,,,,,,,,,
59,The surfaces of planet Mercury and our moon contain some very large craters that are most likely the result of: A)giant lava flows. B)asteroid impacts. C)nuclear explosions.D),B,Sci 59,,,,,,,,,,,,,,,,,,,,,,
60,Which of these functions most like the “brain” of a cell? a. The Golgi apparatus b. The mitochondrion c. The nucleus d. The smooth endoplasmic reticulum ,C,Sci 60,,,,,,,,,,,,,,,,,,,,,,
61,"After a building was torn down and the area was cleared, grasses began to grow in the area. Several years later, small bushes replaced the grasses. This pattern of plant growth is known as ecological (1) stability (3) succession (2) cultivation (4) coordination",3,Sci 61,,,,,,,,,,,,,,,,,,,,,,
62,A human activity that could significantly decrease the amount of carbon dioxide in the air is (1) increasing the use of fossil fuel (2) controlling insect pests that eat stored grain (3) burning garbage and trash to generate electricity (4) preserving and expanding forest habitats that shelter wildlife,4,Sci 62,,,,,,,,,,,,,,,,,,,,,,
63,"Deer ticks are responsible for spreading Lyme disease. This organism, which feeds on the blood of warm-blooded organisms like mice, deer, and humans, is best described as a (1) predator (3) parasite (2) scavenger (4) host",3,Sci 63,,,,,,,,,,,,,,,,,,,,,,
64,"Which cell structures are correctly paired with their functions? (1) The mitochondria produce enzymes, and ribosomes transport them. (2) The ribosomes make proteins, and the nucleus stores genetic information. (3) The cell membrane makes enzymes, and cytoplasm transports them. (4) The vacuole stores genetic information, and chloroplasts make proteins.",2,Sci 64,,,,,,,,,,,,,,,,,,,,,,
65,Which phrase describes the charge and mass of a neutron? (1) a charge of 1 and no mass (2) a charge of 1 and an approximate mass of 1 u (3) no charge and no mass (4) no charge and an approximate mass of 1 u,4,Sci 65,,,,,,,,,,,,,,,,,,,,,,
66,What is the number of electrons in a potassium atom? (1) 18 (3) 20 (2) 19 (4) 39,2,Sci 66,,,,,,,,,,,,,,,,,,,,,,
67,Which statement explains why water is classified as a compound? (1) Water can be broken down by chemical means. (2) Water is a liquid at room temperature. (3) Water has a heat of fusion of 334 J/g. (4) Water is a poor conductor of electricity,1,Sci 67,,,,,,,,,,,,,,,,,,,,,,
68,Which nuclear emission is negatively charged? (1) an alpha particle (3) a neutron (2) a beta particle (4) a positron,2,Sci 68,,,,,,,,,,,,,,,,,,,,,,
69,"Which list includes three forms of energy? (1) chemical, mechanical, electromagnetic (2) chemical, mechanical, temperature (3) thermal, pressure, electromagnetic (4) thermal, pressure, temperature",1,Sci 69,,,,,,,,,,,,,,,,,,,,,,
70,What is the proper name of the star that is most commonly noted to have coordinates closest to the north celestial pole? ,ANSWER: NORTH STAR (ACCEPT: POLARIS or ALPHA URSA MINORIS),Sci 70,,,,,,,,,,,,,,,,,,,,,,
71,What is the most well-known asterism in Ursa Major?, ANSWER: BIG DIPPER,Sci 71,,,,,,,,,,,,,,,,,,,,,,
72,What are the 2 basic categories of lymphocyte cells?, ANSWER: T AND B (ACCEPT: B AND T CELLS),Sci 72,,,,,,,,,,,,,,,,,,,,,,
73,What general type of bonding is found in molecules in which electrons are shared by nuclei? ,ANSWER: COVALENT,Sci 73,,,,,,,,,,,,,,,,,,,,,,
74,"Although not known as such at the time, what was the first form of spectacular electric discharge seen by humans? ",ANSWER: LIGHTNING,Sci 74,,,,,,,,,,,,,,,,,,,,,,
75,What planet is known to be most like Earth in size and density? ,ANSWER: VENUS,Sci 75,,,,,,,,,,,,,,,,,,,,,,
76,What star has the greatest apparent magnitude?,SUN,Sci 76,,,,,,,,,,,,,,,,,,,,,,
77, How many embryonic seed leaves does a bean seedling have?, ANSWER: 2,Sci 77,,,,,,,,,,,,,,,,,,,,,,
78,Name all of the following 5 plants that are dicots: wheat; geranium; garlic; bamboo; rose ,ANSWER: GERANIUM; ROSE,Sci 78,,,,,,,,,,,,,,,,,,,,,,
79,"In general, metals are relatively hard except for what group of metals in the Periodic Table? ",ANSWER: ONE (ACCEPT: GROUP 1A or ALKALI METALS),Sci 79,,,,,,,,,,,,,,,,,,,,,,
80,What gas is most directly responsible for the bends or decompression sickness that divers may experience?, ANSWER: NITROGEN (ACCEPT: N2),Sci 80,,,,,,,,,,,,,,,,,,,,,,
81,"In degrees Celsius to the nearest whole number, what is the normal core body temperature of a human being?", ANSWER: 37,Sci 81,,,,,,,,,,,,,,,,,,,,,,
82,What is the declination of the north celestial pole? ANSWER: 90 (ACCEPT: +9,ANSWER: 90 (ACCEPT: +90),Sci 82,,,,,,,,,,,,,,,,,,,,,,
83,The Sagittarius Arm is part of what galaxy? ,ANSWER: THE MILKY WAY,Sci 83,,,,,,,,,,,,,,,,,,,,,,
84,"Using the traditional system of classification, when organisms belong to the same class, name all of the following 4 taxonomic categories to which they must also belong: order; family; phylum; kingdom ",ANSWER: PHYLUM; KINGDOM,Sci 84,,,,,,,,,,,,,,,,,,,,,,
85,What is the genus name of the most thoroughly studied bacterium? ,ANSWER: Escherichia,Sci 85,,,,,,,,,,,,,,,,,,,,,,
86,Name all of the following 3 processes that do NOT occur in E. coli: glycolysis; photosynthesis; glycogenolysis (read as: GLYKO-jen-oh-LY-sis) ,ANSWER: PHOTOSYNTHESIS,Sci 86,,,,,,,,,,,,,,,,,,,,,,
87,What is the BEST term for the tendency of any mass at rest to remain at rest?, ANSWER: INERTIA,Sci 87,,,,,,,,,,,,,,,,,,,,,,
88,"What is the MOST common term for the type of energy that is most directly related to the energy of atoms, molecules and other small particles that are in random motion within a system? ",ANSWER: THERMAL,Sci 88,,,,,,,,,,,,,,,,,,,,,,
89,"In electrochemical cells, what is the most common term for the electrode that acts as the negative electrode?", ANSWER: CATHODE,Sci 89,,,,,,,,,,,,,,,,,,,,,,
90,"If the electronegativity difference in the bonding atoms is large, what general type of bond is formed? ",ANSWER: IONIC,Sci 90,,,,,,,,,,,,,,,,,,,,,,
91, What is the name for the common ocean waves that are not driven by the wind but sustained by the energy they obtained by the sea? ,ANSWER: SWELL(S),Sci 91,,,,,,,,,,,,,,,,,,,,,,
92,The local group is generally referred to as a collection of what celestial objects?, ANSWER: GALAXIES,Sci 92,,,,,,,,,,,,,,,,,,,,,,
93,What is the SI unit of electric charge? ,ANSWER: COULOMB,Sci 93,,,,,,,,,,,,,,,,,,,,,,
94,What is the name for the most malleable and ductile metal which can be dissolved in aqua regia but is unaffected by air and most other reagents? ,ANSWER: GOLD,Sci 94,,,,,,,,,,,,,,,,,,,,,,
95,What is the MOST common term for the division of a somatic cell into 2 nucleated cells following of mitosis? ,ANSWER: CYTOKINESIS,Sci 95,,,,,,,,,,,,,,,,,,,,,,
96,"What is the anticodon on a tRNA for AAA (read as: A, A, A)? ",ANSWER: UUU,Sci 96,,,,,,,,,,,,,,,,,,,,,,
97,The lush forest of the Pacific northwest is classified as what type of rain forest? ,ANSWER: TEMPERATE (ACCEPT: TEMPERATE RAIN FOREST),Sci 97,,,,,,,,,,,,,,,,,,,,,,
98,The reaction of lead oxide in the presence of what acid is fundamental to the operation of the lead-acid rechargeable battery found in most cars? ,ANSWER: SULFURIC ACID (ACCEPT: SULFURIC or H2SO4),Sci 98,,,,,,,,,,,,,,,,,,,,,,
99,The main asteroid belt is located immediately between what two planets? ,ANSWER: MARS AND JUPITER (in any order),Sci 99,,,,,,,,,,,,,,,,,,,,,,
100,What is the most common term used to describe the velocity of an object at any one discrete moment along its path? ,ANSWER: INSTANTANEOUS VELOCITY,Sci 100,,,,,,,,,,,,,,,,,,,,,,
101,What lepton was the first to be discovered?, ANSWER: ELECTRON,Sci 101,,,,,,,,,,,,,,,,,,,,,,
102,"Identify the following 3 fabrics as derived from animals or plants, respectively: jute; linen; wool ",ANSWER: JUTE = PLANTS; LINEN = PLANTS; WOOL = ANIMALS,Sci 102,,,,,,,,,,,,,,,,,,,,,,
103,What is the proper name for the closest spiral galaxy to the Milky Way? ,ANSWER: ANDROMEDA,Sci 103,,,,,,,,,,,,,,,,,,,,,,
104,"In one cycle of alternating current, 180º is given to the point at what fractional amount of the way through the cycle? ","ANSWER: ½,( 1/2)",Sci 104,,,,,,,,,,,,,,,,,,,,,,
105,What is the common name for the 88 sections into which the International Astronomical Society has divided the sky? ,ANSWER: CONSTELLATIONS,Sci 105,,,,,,,,,,,,,,,,,,,,,,
106,What is the scientific term given to the shape of the E. coli bacterium?, ANSWER: BACILLUS (ACCEPT: ROD or BACILLI or BACILLIFORM),Sci 106,,,,,,,,,,,,,,,,,,,,,,
107,What is the molarity of a sodium hydroxide solution made by dissolving 4 grams NaOH in 250 milliliters of water?, ANSWER: 0.4,Sci 107,,,,,,,,,,,,,,,,,,,,,,
108,What is the most common name of the protein that synthesizes DNA? ,ANSWER: DNA POLYMERASE (ACCEPT: POLYMERASE),Sci 108,,,,,,,,,,,,,,,,,,,,,,
109,What is the main respiratory pigment of skeletal muscle cells? ,ANSWER: MYOGLOBIN,Sci 109,,,,,,,,,,,,,,,,,,,,,,
110,Give by name or number all of the following 4 choices that would be considered units of electrical power: 1) ampere volt; 2) joules per second; 3) watts; 4) coulombs, ANSWER: 1; 2; 3,Sci 110,,,,,,,,,,,,,,,,,,,,,,
111,Which situation is an example of bivariate data? (1) shoe sizes of a tennis team (2) goals scored in soccer games (3) Calories consumed in one day (4) hours studying compared to test scores,4,Math 111,,,,,,,,,,,,,,,,,,,,,,
112,A ______ is a number that divides into another number with no remainder. ,Factor,Math 112,,,,,<center>,,,,,,,,,,,,,,,,,
113,A flying disc in the shape of a circle has a circumference of 8? inches. What is the radius of the flying disc? A)4 inches B)8 inches C)16 inches D)64 inches,A,Math 113,,,,,<center>,,,,,,,,,,,,,,,,,
114,A _______ _______ has only two factors ,Prime Number,Math 114,,,,,<center>,,,,,,,,,,,,,,,,,
115,A composite number has more than _____ factors,2,Math 115,,,,,,,,,,,,,,,,,,,,,,
116,hat is the value of n in the equation 0.2(n- 6)= 2.8? ,20,Math 116,,,,,,,,,,,,,,,,,,,,,,
117,Identify which of these is a composite number: 7 or 12 ,12,Math 117,,,,,,,,,,,,,,,,,,,,,,
118,The ________ _________ is formed by a horizontal number line (known as the x-axis) and a vertical number line ( known as the y-axis), Coordinate Plane,Math 118,,,,,,,,,,,,,,,,,,,,,,
119,The point where the x and y axes intersect is called the _________.,Origin ,Math 119,,,,,,,,,,,,,,,,,,,,,,
120,How many different seven-letter arrangements of the letters in the word HEXAGON can be made if each letter is used only once? (1) 28 (3) 720 (2) 49 (4) 5040,4,Math 120,,,,,,,,,,,,,,,,,,,,,,
121,"6 Which set of numbers represents the lengths of the sides of a right triangle? (1) {7, 24, 25} (3) {10, 12, 14} (2) {9, 16, 23} (4) {14, 16, 18}",1,Math 121,,,,,,,,,,,,,,,,,,,,,,
122,What is the greatest common factor of 12 and 24,12,Math 122,,,,,,,,,,,,,,,,,,,,,,
123,Two numbers are _______ if their product is 1.,Rciprocal,Math 123,,,,,,,,,,,,,,,,,,,,,,
124,"If A {1,2,3,4,5,6,7,8} and B {2,4,6,8,10,12}, then the intersection computations. of these two sets is (1) {10,12} (3) {2,4,6,8} (2) {1,3,5,7} (4) {1,2,3,4,5,6,7,8,10,12}",3,Math 124,,,,,,,,,,,,,,,,,,,,,,
125,Which set of data is qualitative? (1) laps swum in a race (2) number of swimmers on the team (3) swimmers’ favorite swimsuit colors (4) temperature in Fahrenheit of the water in a pool,3,Math 125,,,,,,,,,,,,,,,,,,,,,,
126,The multiplicative inverse of 5 is,5-Jan,Math 126,,,,,,,,,,,,,,,,,,,,,,
127,"A two-dimensional cross section is taken of a three-dimensional object. If this cross section is a triangle, what can not be the threedimensional object? (1) cone (3) pyramid (2) cylinder (4) rectangular prism",2,Math 127,,,,,,,,,,,,,,,,,,,,,,
128,"The weights of 40 students were recorded. If the 75th percentile of their weights was 140 pounds, what is the total number of students who weighed more than 140 pounds? (1) 10 (3) 30 (2) 20 (4) 4",1,Math 128,,,,,,,,,,,,,,,,,,,,,,
129,"A student spent 15 minutes painting a 2-foot by 3-foot bulletin board. To the nearest tenth of a minute, how long did it take the student to paint 1 square foot?",25,Math 129,,,,,,,,,,,,,,,,,,,,,,
130,A ______ is an expression written with an exponent and a base.,Power,Math 130,,,,,,,,,,,,,,,,,,,,,,
131,"In y=mx+b, what does the m stand for?",The m stands for the slope.,Math 131,,,,,,,,,,,,,,,,,,,,,,
132,"The base of a closed right circular cylinder has a diameter of 5 cm. If the height of the cylinder is 8 cm, what is the surface area of the cylinder, to the nearest square centimeter?",165,Math 132,,,,,,,,,,,,,,,,,,,,,,
133,The set of integers is not closed for (1) division (3) addition (2) multiplication (4) subtraction,1,Math 133,,,,,,,,,,,,,,,,,,,,,,
134,"For a class of students, which data set could be classified as qualitative? (1) political opinions (3) weights (2) heights (4) ages",1,Math 134,,,,,,,,,,,,,,,,,,,,,,
135,"In y=mx+b, what does the b stand for?",The b stands for the y intercept,Math 135,,,,,,,,,,,,,,,,,,,,,,
136,The square of a positive number is 24 more than 5 times the number. What is the value of the number?,3,Math 136,,,,,,,,,,,,,,,,,,,,,,
137,"In a class, which data can be classified as qualitative? (1) age of students (3) shoe size of students (2) weight of students (4) hair color of students",4,Math 137,,,,,,,,,,,,,,,,,,,,,,
138,"Owino gets paid $280 per week plus 5% commission on all sales for selling electronic equipment. If he sells n dollars worth of electronic equipment in one week, which algebraic expression represents the amount of money he will earn that week? (1) 280n  5 (3) 280  0.05n
(2) 280n  0.05 (4) 280  5n
40",3,Math 138,,,,,,,,,,,,,,,,,,,,,,
139,A positive correlation always exists on a scatter plot when (1) y remains unchanged as x increases (2) y changes randomly as x increases (3) y decreases as x increases (4) y increases as x increases,4,Math 139,,,,,,,,,,,,,,,,,,,,,,
140,"Jose wants to ride his bike a total of 50 miles this weekend. If he rides m miles on Saturday, which expression represents the number of miles he must ride on Sunday? (1) m - 50 (3) 50 - m (2) m + 50 (4) 50m",3,Math 140,,,,,,,,,,,,,,,,,,,,,,
141,"Sheba opened a retirement account with $36,500. Her account grew at a rate of 7% per year compounded annually. She made no deposits or withdrawals on the account. At the end of 20 years, what was the account worth, to the nearest dollar? (1) $87,600 (3) $141,243 (2) $130,786 (4) $1,483,444,463",3,Math 141,,,,,,,,,,,,,,,,,,,,,,
142,"It takes a snail 500 hours to travel 15 miles. At this rate, how many hours will it take the snail to travel 6 miles?",200,Math 142,,,,,,,,,,,,,,,,,,,,,,
143,"A rectangular tank measures 5 feet long, 4 feet wide, and 3 feet high. Water is poured into the tank to a depth of 2 feet. How many cubic feet of water are in the tank?",50,Math 143,,,,,,,,,,,,,,,,,,,,,,
144,Which relationship can best be described as causal? (1) The alarm goes off and the sun rises. (2) The car is moving slowly and the driver is singing. (3) The snow is falling and the stores run out of snow shovels. (4) The birds are chirping and the rain is coming down.,3,Math 144,,,,,,,,,,,,,,,,,,,,,,
145,"A local government is planning to increase the fee for use of a campsite. If a survey were taken, which group would be most biased in their opposition to the increase? (1) teachers (3) postal workers (2) soccer players (4) campers",4,Math 145,,,,,,,,,,,,,,,,,,,,,,
146,"Which relation is a function? (1) {(2,1), (3,1), (4,1), (5,1)} (2) {(1,2), (1,3), (1,4), (1,5)} (3) {(2,3), (3,2), (4,2), (2,4)} (4) {(1,6), (2,8), (3,9), (3,12)}",1,Math 146,,,,,,,,,,,,,,,,,,,,,,
147,"The lengths of the sides of a right triangle can be (1) 9, 12, 15 (3) 5, 5, 10 (2) 8, 10, 13 (4) 4, 5, 6",1,Math 147,,,,,,,,,,,,,,,,,,,,,,
148,"A school offers three classes of math and two classes of science, all of which meet at different times. What is the total number of ways a student can take a math class and a science class? (1) 5 (3) 8 (2) 6 (4) 9",2,Math 148,,,,,,,,,,,,,,,,,,,,,,
149,"Jake measured the dimensions of a rectangular picture frame to the nearest inch. He found that the height was 16 inches and the width was 10 inches. Based on Jake’s measurements, which of the following statements could be true?  (A)The actual width of the picture frame is 9.4 inches. (B) The actual height of the picture frame is 16.5 inches.  (C)",C,Math 149,,,,,,,,,,,,,,,,,,,,,,
150,"Kathy is a repair technician for a phone company. Each week, she receives a batch of phones that need repairs. The number of phones that she has left to fix at the end of each day can be estimated with the equation P d = 108 ? 23 , where P is the number of phones left and d is the number of days she has worked that week. What is the meaning of the value 108 in this equation? (A) Kathy will complete the repairs within 108 days. (B) Kathy starts each week with 108 phones to fix.  (C)Kathy repairs phones at a rate of 108 per hour. (D)Kathy repairs phones at a rate of 108 per day",B,Math 150,,,,,,,,,,,,,,,,,,,,,,
151,"On Saturday afternoon, Armand sent m text messages each hour for 5 hours, and Tyrone sent p text messages each hour for 4 hours.  Which of the following represents the total number of messages sent by Armand and Tyrone on Saturday afternoon? (A) 9mp (B)20mp (C)5 +4 m p (D)4 +5 m p",C,Math 151,,,,,,,,,,,,,,,,,,,,,,
152,What term BEST describes 2 angles with 90º as the sum of their measurements?, ANSWER: COMPLEMENTARY,Math 152,,,,,,,,,,,,,,,,,,,,,,
153,How many significant figures are in the number 0.00750?, ANSWER: 3,Math 153,,,,,,,,,,,,,,,,,,,,,,
154,"What is the area, in square feet, of a triangle whose perpendicular height is 20 feet with a base of 12 feet?", ANSWER: 120,Math 154,,,,,,,,,,,,,,,,,,,,,,
155,A hexadecimal number is a numeral system with a radix or a base of what? ,ANSWER: 16,Math 155,,,,,,,,,,,,,,,,,,,,,,
156,"Giving your answer in kilometers per hour per second, what is the average acceleration of a truck traveling on a straight road from 10 kilometers per hour to 50 kilometers per hour in 1 minute and 20 seconds: ",ANSWER: 0.5 (Solution: 40/80 = 0.5 km/hr/sec),Math 156,,,,,,,,,,,,,,,,,,,,,,
157,"Giving your answer as a proper fraction, what is the cube root of 125/343?",ANSWER: 5/7,Math 157,,,,,,,,,,,,,,,,,,,,,,
158,"What is the determinant of a 2-by-2 square matrix whose rows are 4, 2 and –3, –4?", ANSWER: –10,Math 158,,,,,,,,,,,,,,,,,,,,,,
159,"If one of Earth’s tectonic plates moves at a rate of about 10 centimeters per year, how many kilometers will it move in 100 million years? ","ANSWER: 10,000",Math 159,,,,,,,,,,,,,,,,,,,,,,
160,"Short Answer Giving your answer as up, down, left, or right, the graph of the equation x = 5y – 8y 2 – 1 opens in what direction?", ANSWER: LEFT,Math 160,,,,,,,,,,,,,,,,,,,,,,
161,"If $10,000 is placed in a savings account that pays 5% interest compounded annually, what is the total amount of money in the account at the end of 2 years, to the nearest dollar? ","ANSWER: $11,025",Math 161,,,,,,,,,,,,,,,,,,,,,,
162,"What is the area, in square feet, of the triangle whose sides have lengths equal to 10, 6 and 8 feet? ",A = (1/2)(6)(8) = 24 feet2,Math 162,,,,,,,,,,,,,,,,,,,,,,
163,An object travels at fifteen feet per minute. How many feet does it travel in 24 minutes and 40 seconds? ,370 feet,Math 163,,,,,,,,,,,,,,,,,,,,,,
164,"Find the cotangent and cosecant, respectively, of a 90 degree angle:", ANSWER: COTAN = 0; COSECANT = 1,Math 164,,,,,,,,,,,,,,,,,,,,,,
165,"Which of the following points is closest to the point (1, –2): W) (3, –5) X) (0, 3) Y) (3, 0) Z) (–5, –5) ","ANSWER: Y) (3, 0)",Math 165,,,,,,,,,,,,,,,,,,,,,,
166,"The terminal side of angle ? (read as: theta) in standard position passes through the point (–5, 12). Find the sine, cosine and tangent, in fractional form:",ANSWER: SIN =  12/13; COS =  -5/13 ? 5 ; TAN =  -12/5,Math 166,,,,,,,,,,,,,,,,,,,,,,
167,"Giving your answer in millimeters squared, find the lateral surface area of a right pentagonal prism whose altitude is 12 millimeters and base has sides of length 8, 10, 12, 14, and 16 millimeters, respectively: ",ANSWER: 720,Math 167,,,,,,,,,,,,,,,,,,,,,,
168,"Given that the speed of sound at 0ºC at sea level in dry air is 331 meters per second, what is the speed of sound through dry air at sea level, giving your answer in proper SI units rounded to the nearest whole number, if the temperature of the air is 12°C? ",ANSWER: 338 METERS PER SECOND (must give units),Math 168,,,,,,,,,,,,,,,,,,,,,,
169,What is the perimeter of a right triangle whose leg lengths are 6 and 8 and whose hypotenuse is 10? ,ANSWER: 24,Math 169,,,,,,,,,,,,,,,,,,,,,,
170,"Short Answer The average of -40, 36, 5, 0, 10 and x is 5. What is the value of x? ",ANSWER: 19,Math 170,,,,,,,,,,,,,,,,,,,,,,
171,How many nanometers are in an angstrom? ,ANSWER: 0.1 (ACCEPT: ONE-TENTH),Math 171,,,,,,,,,,,,,,,,,,,,,,
172,What is the remainder of (148 + 10) / 7 ?, ANSWER: 4,Math 172,,,,,,,,,,,,,,,,,,,,,,
173,"If y varies directly as x, and y = 42 when x = 30, find y if x = 45:", ANSWER: 63,Math 173,,,,,,,,,,,,,,,,,,,,,,
174,The price of a postage stamp changes from 33 cents to 34 cents. What is the percent increase in price?, ANSWER: 3 (ACCEPT: 3.03),Math 174,,,,,,,,,,,,,,,,,,,,,,
175,"After a 20% (percent) increase, the new price of a tennis racket is $180.00. What was the original price of the racket?", ANSWER: $150.00,Math 175,,,,,,,,,,,,,,,,,,,,,,
176,The number 22.5 is 5 percent of what number? ,ANSWER: 450,Math 176,,,,,,,,,,,,,,,,,,,,,,
177,"Which of the following numbers is divisible by 9: W) 3191 X) 3527 Y) 212,526 Z) 439,327 ","ANSWER: Y) 212,526",Math 177,,,,,,,,,,,,,,,,,,,,,,
178,What is the most common term for a change in velocity divided by the time it takes to make the change?, ANSWER: AVERAGE ACCELERATION,Math 178,,,,,,,,,,,,,,,,,,,,,,
179,"If the average of 5 numbers is 16, what is the sum of the 5 numbers? ",ANSWER: 80,Math 179,,,,,,,,,,,,,,,,,,,,,,
180,"For an electric saw that draws 8 amps on a 120 volt line, what is the resistance of the saw?", ANSWER: 15 OHMS,Math 180,,,,,,,,,,,,,,,,,,,,,,
181,"What are the median, mean and mode of the following set of numbers: 2, 3, 3, 8, 8, 8, 10, 14",MEDIAN = 8.; MEAN = 7; MODE = 8,Math 181,,,,,,,,,,,,,,,,,,,,,,
182,"On a blueprint, if three-quarters of an inch represents 1 foot, then 2 inches will represent what distance, in feet, expressed as the most reduced compound fraction?", ANSWER: 2 2/3 (ACCEPT: 2.66),Math 182,,,,,,,,,,,,,,,,,,,,,,
183,How old is Michelle if 4 years ago she was one-half the age she will be 10 years from now? ,ANSWER: 18,Math 183,,,,,,,,,,,,,,,,,,,,,,
184,"In order, what are the prime numbers between 30 and 50? ","ANSWER: 31, 37, 41, 43, 47",Math 184,,,,,,,,,,,,,,,,,,,,,,
185,Find the prime factorization of 1050:, ANSWER: 2×3×5×5×7 (ACCEPT: 2×3×52 ×7),Math 185,,,,,,,,,,,,,,,,,,,,,,
186,Solve the following inequality: 3 – 6x > 15,ANSWER: x < -2,Math 186,,,,,,,,,,,,,,,,,,,,,,
187,"In statistics, what is the square root of the variance most commonly known as? ",ANSWER: STANDARD DEVIATION,Math 187,,,,,,,,,,,,,,,,,,,,,,
188,"To the nearest cubic inch, find the volume of a sphere whose diameter is 4 inches:", ANSWER: 33 (ACCEPT: 32 – 34),Math 188,,,,,,,,,,,,,,,,,,,,,,
189,What is the area of an equilateral triangle whose side is 6?,ANSWER: 9 3 (ACCEPT: 15 – 16),Math 189,,,,,,,,,,,,,,,,,,,,,,
190,What is the sum of the interior angles of a 6-sided polygon? ,ANSWER: 720°,Math 190,,,,,,,,,,,,,,,,,,,,,,
191,"Find the following number: When the number, one-half of the number, and one-quarter of the number are added, and then 8 is subtracted, the result is 2 less than twice the number: ",ANSWER: -24,Math 191,,,,,,,,,,,,,,,,,,,,,,
192,"What German mathematician in 1865 cut a long rectangular strip of paper, gave the paper a half-twist, and pasted the ends together, to show that a sheet can have only one side? ",ANSWER: AUGUSTUS MOBIUS (ACCEPT: MOBIUS),Math 192,,,,,,,,,,,,,,,,,,,,,,
193,"A gas station sells regular gasoline for $2.39 per gallon and premium gasoline for $2.79 per gallon. If the gas station sold a total of 550 gallons of both types of gasoline in one day for a total of $1,344.50, how many gallons of premium gasoline were sold? (A) 25 (B) 75 (C) 175 (D) 475 ",(B) 75 ,Math 193,,,,,,,,,,,,,,,,,,,,,,
194,A parallelogram whose adjacent sides are unequal is called a: W) rhombus X) rhomboid Y) deltoid Z) rectangle ,ANSWER: X) RHOMBOID,Math 194,,,,,,,,,,,,,,,,,,,,,,
195,What is the longest chord of a circle also known as? ,DIAMETER,Math 195,,,,,,,,,,,,,,,,,,,,,,
196,What percent of a normally distributed sample lies within 2 standard deviations of the mean? ,ANSWER: 95%,Math 196,,,,,,,,,,,,,,,,,,,,,,
197,What is the equation of a line that has a slope of 4 and a y-intercept of 5?,y = 4x + 5,Math 197,,,,,,,,,,,,,,,,,,,,,,
198,"If the universal set is represented by the numbers 1, 2, 3, 4, 5, 6, 7, and set A is represented by the numbers 1, 2, 3; set B by the numbers 3, 4, 5, 6; and set C by the numbers 2, 3, 4, then what set is represented by the union of sets A and B?"," ANSWER: 1, 2, 3, 4, 5, 6",Math 198,,,,,,,,,,,,,,,,,,,,,,
199,"In the US Senate, Senator Bill received four-sixths of the votes, Senator George received two- tenths of the votes, and Senator Mary received the remaining votes. If 48 votes were cast for Senator Mary, how many votes did Senator Bill receive?", ANSWER: 240,Math 199,,,,,,,,,,,,,,,,,,,,,,
200,"A recipe calls for flour, sugar and butter to be mixed in a ratio of 7 to 5 to 2, respectively. Assuming there is enough sugar and butter to use all the flour and 20 pounds of flour is available, how many pounds of the mixture can be made? ",ANSWER: 40,Math 200,,,,,,,,,,,,,,,,,,,,,,
201,A statistician who computes the standard deviation of a set of sample means is computing what statistical quantity?, ANSWER: STANDARD ERROR OF THE MEAN (ACCEPT: STANDARD ERROR),Math 201,,,,,,,,,,,,,,,,,,,,,,
202,Name 2 consecutive ODD integers where 5 times the second number minus 6 times the first number equals –55: ,ANSWER: –65 AND –67 (must be in order),Math 202,,,,,,,,,,,,,,,,,,,,,,
203,"A merchant wants to mix 2 types of sugar that sell for $0.40 per gram and $0.60 per gram, respectively. If he wants a mixture of 5 grams that sells for $0.58 per gram, how many grams of each should he mix?", ANSWER: 0.5 GRAMS OF $0.40 PLUS 4.5 GRAMS OF $0.60,Math 203,,,,,,,,,,,,,,,,,,,,,,
204,"What is the slope of a line that passes through the points (5, 3) and (-1, 1)?", ANSWER: 1/3,Math 204,,,,,,,,,,,,,,,,,,,,,,
205,What is the term for the part of the secant contained between the points of intersection on a curve? ,ANSWER: CHORD,Math 205,,,,,,,,,,,,,,,,,,,,,,
206,"In a normal distribution, a mean of a sample population, plus or minus 1 standard deviation, includes what percentage of the sample: W) 16% X) 32% Y) 68% Z) 95%", ANSWER: Y) 68%,Math 206,,,,,,,,,,,,,,,,,,,,,,
207,"What is the 13th term in the following arithmetic progression: 2, 7, 12…", ANSWER: 62,Math 207,,,,,,,,,,,,,,,,,,,,,,
208,"In the following number sequence, what are the values for a, b and c: a, b, 38, 22, 14, 10, c ",ANSWER: a = 134; b = 70; c = 8,Math 208,,,,,,,,,,,,,,,,,,,,,,
209,"What is the most common statistical term for the assumption, when comparing sample means, that there is no significant difference between the two samples? ",ANSWER: NULL HYPOTHESIS,Math 209,,,,,,,,,,,,,,,,,,,,,,
,,,,,,,,,,,,,,,,,,,,,,,,,
,,,,,,,,,,,,,,,,,,,,,,,,,
,,,,,,,,,,,,,,,,,,,,,,,,,
,,,,,,,,,,,,,,,,,,,,,,,,,
,,,,,,,,,,,,,,,,,,,,,,,,,
,,,,,,,,,,,,,,,,,,,,,,,,,
,,,,,,,,,,,,,,,,,,,,,,,,,
,,,,,,,,,,,,,,,,,,,,,,,,,
,,,,,,,,,,,,,,,,,,,,,,,,,
,,,,,,,,,,,,,,,,,,,,,,,,,
,,,,,,,,,,,,,,,,,,,,,,,,,
,,,,,,,,,,,,,,,,,,,,,,,,,
,,,,,,,,,,,,,,,,,,,,,,,,,
,,,,,,,,,,,,,,,,,,,,,,,,,
,,,,,,,,,,,,,,,,,,,,,,,,,
,,,,,,,,,,,,,,,,,,,,,,,,,
,,,,,,,,,,,,,,,,,,,,,,,,,
,,,,,,,,,,,,,,,,,,,,,,,,,
,,,,,,,,,,,,,,,,,,,,,,,,,
,,,,,,,,,,,,,,,,,,,,,,,,,
,,,,,,,,,,,,,,,,,,,,,,,,,
,,,,,,,,,,,,,,,,,,,,,,,,,
,,,,,,,,,,,,,,,,,,,,,,,,,
,,,,,,,,,,,,,,,,,,,,,,,,,
,,,,,,,,,,,,,,,,,,,,,,,,,
,,,,,,,,,,,,,,,,,,,,,,,,,
,,,,,,,,,,,,,,,,,,,,,,,,,
,,,,,,,,,,,,,,,,,,,,,,,,,
,,,,,,,,,,,,,,,,,,,,,,,,,
,,,,,,,,,,,,,,,,,,,,,,,,,
,,,,,,,,,,,,,,,,,,,,,,,,,
,,,,,,,,,,,,,,,,,,,,,,,,,
,,,,,,,,,,,,,,,,,,,,,,,,,
,,,,,,,,,,,,,,,,,,,,,,,,,
,,,,,,,,,,,,,,,,,,,,,,,,,
,,,,,,,,,,,,,,,,,,,,,,,,,
,,,,,,,,,,,,,,,,,,,,,,,,,
,,,,,,,,,,,,,,,,,,,,,,,,,
,,,,,,,,,,,,,,,,,,,,,,,,,
,,,,,,,,,,,,,,,,,,,,,,,,,
,,,,,,,,,,,,,,,,,,,,,,,,,
,,,,,,,,,,,,,,,,,,,,,,,,,
,,,,,,,,,,,,,,,,,,,,,,,,,
,,,,,,,,,,,,,,,,,,,,,,,,,
,,,,,,,,,,,,,,,,,,,,,,,,,
,,,,,,,,,,,,,,,,,,,,,,,,,
,,,,,,,,,,,,,,,,,,,,,,,,,
,,,,,,,,,,,,,,,,,,,,,,,,,
,,,,,,,,,,,,,,,,,,,,,,,,,
,,,,,,,,,,,,,,,,,,,,,,,,,
,,,,,,,,,,,,,,,,,,,,,,,,,
,,,,,,,,,,,,,,,,,,,,,,,,,
,,,,,,,,,,,,,,,,,,,,,,,,,
,,,,,,,,,,,,,,,,,,,,,,,,,
,,,,,,,,,,,,,,,,,,,,,,,,,
,,,,,,,,,,,,,,,,,,,,,,,,,
,,,,,,,,,,,,,,,,,,,,,,,,,
,,,,,,,,,,,,,,,,,,,,,,,,,
,,,,,,,,,,,,,,,,,,,,,,,,,
,,,,,,,,,,,,,,,,,,,,,,,,,
,,,,,,,,,,,,,,,,,,,,,,,,,
,,,,,,,,,,,,,,,,,,,,,,,,,
,,,,,,,,,,,,,,,,,,,,,,,,,
,,,,,,,,,,,,,,,,,,,,,,,,,
,,,,,,,,,,,,,,,,,,,,,,,,,
,,,,,,,,,,,,,,,,,,,,,,,,,
,,,,,,,,,,,,,,,,,,,,,,,,,
,,,,,,,,,,,,,,,,,,,,,,,,,
,,,,,,,,,,,,,,,,,,,,,,,,,
,,,,,,,,,,,,,,,,,,,,,,,,,
,,,,,,,,,,,,,,,,,,,,,,,,,
,,,,,,,,,,,,,,,,,,,,,,,,,
,,,,,,,,,,,,,,,,,,,,,,,,,
,,,,,,,,,,,,,,,,,,,,,,,,,
,,,,,,,,,,,,,,,,,,,,,,,,,
,,,,,,,,,,,,,,,,,,,,,,,,,
,,,,,,,,,,,,,,,,,,,,,,,,,
,,,,,,,,,,,,,,,,,,,,,,,,,
,,,,,,,,,,,,,,,,,,,,,,,,,
,,,,,,,,,,,,,,,,,,,,,,,,,
,,,,,,,,,,,,,,,,,,,,,,,,,
,,,,,,,,,,,,,,,,,,,,,,,,,
,,,,,,,,,,,,,,,,,,,,,,,,,
,,,,,,,,,,,,,,,,,,,,,,,,,
,,,,,,,,,,,,,,,,,,,,,,,,,
,,,,,,,,,,,,,,,,,,,,,,,,,
,,,,,,,,,,,,,,,,,,,,,,,,,
,,,,,,,,,,,,,,,,,,,,,,,,,
,,,,,,,,,,,,,,,,,,,,,,,,,
,,,,,,,,,,,,,,,,,,,,,,,,,
,,,,,,,,,,,,,,,,,,,,,,,,,
,,,,,,,,,,,,,,,,,,,,,,,,,
,,,,,,,,,,,,,,,,,,,,,,,,,
,,,,,,,,,,,,,,,,,,,,,,,,,
,,,,,,,,,,,,,,,,,,,,,,,,,
,,,,,,,,,,,,,,,,,,,,,,,,,
,,,,,,,,,,,,,,,,,,,,,,,,,
,,,,,,,,,,,,,,,,,,,,,,,,,
,,,,,,,,,,,,,,,,,,,,,,,,,
,,,,,,,,,,,,,,,,,,,,,,,,,
,,,,,,,,,,,,,,,,,,,,,,,,,
,,,,,,,,,,,,,,,,,,,,,,,,,
,,,,,,,,,,,,,,,,,,,,,,,,,
,,,,,,,,,,,,,,,,,,,,,,,,,
,,,,,,,,,,,,,,,,,,,,,,,,,
,,,,,,,,,,,,,,,,,,,,,,,,,
,,,,,,,,,,,,,,,,,,,,,,,,,
,,,,,,,,,,,,,,,,,,,,,,,,,
,,,,,,,,,,,,,,,,,,,,,,,,,
,,,,,,,,,,,,,,,,,,,,,,,,,
,,,,,,,,,,,,,,,,,,,,,,,,,
,,,,,,,,,,,,,,,,,,,,,,,,,
,,,,,,,,,,,,,,,,,,,,,,,,,
,,,,,,,,,,,,,,,,,,,,,,,,,
,,,,,,,,,,,,,,,,,,,,,,,,,
,,,,,,,,,,,,,,,,,,,,,,,,,
,,,,,,,,,,,,,,,,,,,,,,,,,
,,,,,,,,,,,,,,,,,,,,,,,,,
,,,,,,,,,,,,,,,,,,,,,,,,,
,,,,,,,,,,,,,,,,,,,,,,,,,
,,,,,,,,,,,,,,,,,,,,,,,,,
,,,,,,,,,,,,,,,,,,,,,,,,,
,,,,,,,,,,,,,,,,,,,,,,,,,
,,,,,,,,,,,,,,,,,,,,,,,,,
,,,,,,,,,,,,,,,,,,,,,,,,,
,,,,,,,,,,,,,,,,,,,,,,,,,
,,,,,,,,,,,,,,,,,,,,,,,,,
,,,,,,,,,,,,,,,,,,,,,,,,,
,,,,,,,,,,,,,,,,,,,,,,,,,
,,,,,,,,,,,,,,,,,,,,,,,,,
,,,,,,,,,,,,,,,,,,,,,,,,,
,,,,,,,,,,,,,,,,,,,,,,,,,
,,,,,,,,,,,,,,,,,,,,,,,,,
,,,,,,,,,,,,,,,,,,,,,,,,,
,,,,,,,,,,,,,,,,,,,,,,,,,
,,,,,,,,,,,,,,,,,,,,,,,,,
,,,,,,,,,,,,,,,,,,,,,,,,,
,,,,,,,,,,,,,,,,,,,,,,,,,
,,,,,,,,,,,,,,,,,,,,,,,,,
,,,,,,,,,,,,,,,,,,,,,,,,,
,,,,,,,,,,,,,,,,,,,,,,,,,
,,,,,,,,,,,,,,,,,,,,,,,,,
,,,,,,,,,,,,,,,,,,,,,,,,,
,,,,,,,,,,,,,,,,,,,,,,,,,
,,,,,,,,,,,,,,,,,,,,,,,,,
,,,,,,,,,,,,,,,,,,,,,,,,,
,,,,,,,,,,,,,,,,,,,,,,,,,
,,,,,,,,,,,,,,,,,,,,,,,,,
,,,,,,,,,,,,,,,,,,,,,,,,,
,,,,,,,,,,,,,,,,,,,,,,,,,
,,,,,,,,,,,,,,,,,,,,,,,,,
,,,,,,,,,,,,,,,,,,,,,,,,,
,,,,,,,,,,,,,,,,,,,,,,,,,
,,,,,,,,,,,,,,,,,,,,,,,,,
,,,,,,,,,,,,,,,,,,,,,,,,,
,,,,,,,,,,,,,,,,,,,,,,,,,
,,,,,,,,,,,,,,,,,,,,,,,,,
,,,,,,,,,,,,,,,,,,,,,,,,,
,,,,,,,,,,,,,,,,,,,,,,,,,
,,,,,,,,,,,,,,,,,,,,,,,,,
,,,,,,,,,,,,,,,,,,,,,,,,,
,,,,,,,,,,,,,,,,,,,,,,,,,
,,,,,,,,,,,,,,,,,,,,,,,,,
,,,,,,,,,,,,,,,,,,,,,,,,,
,,,,,,,,,,,,,,,,,,,,,,,,,
,,,,,,,,,,,,,,,,,,,,,,,,,
,,,,,,,,,,,,,,,,,,,,,,,,,
,,,,,,,,,,,,,,,,,,,,,,,,,
,,,,,,,,,,,,,,,,,,,,,,,,,
,,,,,,,,,,,,,,,,,,,,,,,,,
,,,,,,,,,,,,,,,,,,,,,,,,,
,,,,,,,,,,,,,,,,,,,,,,,,,
,,,,,,,,,,,,,,,,,,,,,,,,,
,,,,,,,,,,,,,,,,,,,,,,,,,
,,,,,,,,,,,,,,,,,,,,,,,,,
,,,,,,,,,,,,,,,,,,,,,,,,,
,,,,,,,,,,,,,,,,,,,,,,,,,
,,,,,,,,,,,,,,,,,,,,,,,,,
,,,,,,,,,,,,,,,,,,,,,,,,,
,,,,,,,,,,,,,,,,,,,,,,,,,
,,,,,,,,,,,,,,,,,,,,,,,,,
,,,,,,,,,,,,,,,,,,,,,,,,,
,,,,,,,,,,,,,,,,,,,,,,,,,
,,,,,,,,,,,,,,,,,,,,,,,,,
,,,,,,,,,,,,,,,,,,,,,,,,,
,,,,,,,,,,,,,,,,,,,,,,,,,
,,,,,,,,,,,,,,,,,,,,,,,,,
,,,,,,,,,,,,,,,,,,,,,,,,,
,,,,,,,,,,,,,,,,,,,,,,,,,
,,,,,,,,,,,,,,,,,,,,,,,,,
,,,,,,,,,,,,,,,,,,,,,,,,,
,,,,,,,,,,,,,,,,,,,,,,,,,
,,,,,,,,,,,,,,,,,,,,,,,,,
,,,,,,,,,,,,,,,,,,,,,,,,,
,,,,,,,,,,,,,,,,,,,,,,,,,
,,,,,,,,,,,,,,,,,,,,,,,,,
,,,,,,,,,,,,,,,,,,,,,,,,,
,,,,,,,,,,,,,,,,,,,,,,,,,
,,,,,,,,,,,,,,,,,,,,,,,,,
,,,,,,,,,,,,,,,,,,,,,,,,,
,,,,,,,,,,,,,,,,,,,,,,,,,
,,,,,,,,,,,,,,,,,,,,,,,,,
,,,,,,,,,,,,,,,,,,,,,,,,,
,,,,,,,,,,,,,,,,,,,,,,,,,
,,,,,,,,,,,,,,,,,,,,,,,,,
,,,,,,,,,,,,,,,,,,,,,,,,,
,,,,,,,,,,,,,,,,,,,,,,,,,
,,,,,,,,,,,,,,,,,,,,,,,,,
,,,,,,,,,,,,,,,,,,,,,,,,,
,,,,,,,,,,,,,,,,,,,,,,,,,
,,,,,,,,,,,,,,,,,,,,,,,,,
,,,,,,,,,,,,,,,,,,,,,,,,,
,,,,,,,,,,,,,,,,,,,,,,,,,
,,,,,,,,,,,,,,,,,,,,,,,,,
,,,,,,,,,,,,,,,,,,,,,,,,,
,,,,,,,,,,,,,,,,,,,,,,,,,
,,,,,,,,,,,,,,,,,,,,,,,,,
,,,,,,,,,,,,,,,,,,,,,,,,,
,,,,,,,,,,,,,,,,,,,,,,,,,
,,,,,,,,,,,,,,,,,,,,,,,,,
,,,,,,,,,,,,,,,,,,,,,,,,,
,,,,,,,,,,,,,,,,,,,,,,,,,
,,,,,,,,,,,,,,,,,,,,,,,,,
,,,,,,,,,,,,,,,,,,,,,,,,,
,,,,,,,,,,,,,,,,,,,,,,,,,
,,,,,,,,,,,,,,,,,,,,,,,,,
,,,,,,,,,,,,,,,,,,,,,,,,,
,,,,,,,,,,,,,,,,,,,,,,,,,
,,,,,,,,,,,,,,,,,,,,,,,,,
,,,,,,,,,,,,,,,,,,,,,,,,,
,,,,,,,,,,,,,,,,,,,,,,,,,
,,,,,,,,,,,,,,,,,,,,,,,,,
,,,,,,,,,,,,,,,,,,,,,,,,,
,,,,,,,,,,,,,,,,,,,,,,,,,
,,,,,,,,,,,,,,,,,,,,,,,,,
,,,,,,,,,,,,,,,,,,,,,,,,,
,,,,,,,,,,,,,,,,,,,,,,,,,
,,,,,,,,,,,,,,,,,,,,,,,,,
,,,,,,,,,,,,,,,,,,,,,,,,,
,,,,,,,,,,,,,,,,,,,,,,,,,
,,,,,,,,,,,,,,,,,,,,,,,,,
,,,,,,,,,,,,,,,,,,,,,,,,,
,,,,,,,,,,,,,,,,,,,,,,,,,
,,,,,,,,,,,,,,,,,,,,,,,,,
,,,,,,,,,,,,,,,,,,,,,,,,,
,,,,,,,,,,,,,,,,,,,,,,,,,
,,,,,,,,,,,,,,,,,,,,,,,,,
,,,,,,,,,,,,,,,,,,,,,,,,,
,,,,,,,,,,,,,,,,,,,,,,,,,
,,,,,,,,,,,,,,,,,,,,,,,,,
,,,,,,,,,,,,,,,,,,,,,,,,,
,,,,,,,,,,,,,,,,,,,,,,,,,
,,,,,,,,,,,,,,,,,,,,,,,,,
,,,,,,,,,,,,,,,,,,,,,,,,,
,,,,,,,,,,,,,,,,,,,,,,,,,
,,,,,,,,,,,,,,,,,,,,,,,,,
,,,,,,,,,,,,,,,,,,,,,,,,,
,,,,,,,,,,,,,,,,,,,,,,,,,
,,,,,,,,,,,,,,,,,,,,,,,,,
,,,,,,,,,,,,,,,,,,,,,,,,,
,,,,,,,,,,,,,,,,,,,,,,,,,
,,,,,,,,,,,,,,,,,,,,,,,,,
,,,,,,,,,,,,,,,,,,,,,,,,,
,,,,,,,,,,,,,,,,,,,,,,,,,
,,,,,,,,,,,,,,,,,,,,,,,,,
,,,,,,,,,,,,,,,,,,,,,,,,,
,,,,,,,,,,,,,,,,,,,,,,,,,
,,,,,,,,,,,,,,,,,,,,,,,,,
,,,,,,,,,,,,,,,,,,,,,,,,,
,,,,,,,,,,,,,,,,,,,,,,,,,
,,,,,,,,,,,,,,,,,,,,,,,,,
,,,,,,,,,,,,,,,,,,,,,,,,,
,,,,,,,,,,,,,,,,,,,,,,,,,
,,,,,,,,,,,,,,,,,,,,,,,,,
,,,,,,,,,,,,,,,,,,,,,,,,,
,,,,,,,,,,,,,,,,,,,,,,,,,
,,,,,,,,,,,,,,,,,,,,,,,,,
,,,,,,,,,,,,,,,,,,,,,,,,,
,,,,,,,,,,,,,,,,,,,,,,,,,
,,,,,,,,,,,,,,,,,,,,,,,,,
,,,,,,,,,,,,,,,,,,,,,,,,,
,,,,,,,,,,,,,,,,,,,,,,,,,
,,,,,,,,,,,,,,,,,,,,,,,,,
,,,,,,,,,,,,,,,,,,,,,,,,,
,,,,,,,,,,,,,,,,,,,,,,,,,
,,,,,,,,,,,,,,,,,,,,,,,,,
,,,,,,,,,,,,,,,,,,,,,,,,,
,,,,,,,,,,,,,,,,,,,,,,,,,
,,,,,,,,,,,,,,,,,,,,,,,,,
,,,,,,,,,,,,,,,,,,,,,,,,,
,,,,,,,,,,,,,,,,,,,,,,,,,
,,,,,,,,,,,,,,,,,,,,,,,,,
,,,,,,,,,,,,,,,,,,,,,,,,,
,,,,,,,,,,,,,,,,,,,,,,,,,
,,,,,,,,,,,,,,,,,,,,,,,,,
,,,,,,,,,,,,,,,,,,,,,,,,,
,,,,,,,,,,,,,,,,,,,,,,,,,
,,,,,,,,,,,,,,,,,,,,,,,,,
,,,,,,,,,,,,,,,,,,,,,,,,,
,,,,,,,,,,,,,,,,,,,,,,,,,
,,,,,,,,,,,,,,,,,,,,,,,,,
,,,,,,,,,,,,,,,,,,,,,,,,,
,,,,,,,,,,,,,,,,,,,,,,,,,
,,,,,,,,,,,,,,,,,,,,,,,,,
,,,,,,,,,,,,,,,,,,,,,,,,,
,,,,,,,,,,,,,,,,,,,,,,,,,
,,,,,,,,,,,,,,,,,,,,,,,,,
,,,,,,,,,,,,,,,,,,,,,,,,,
,,,,,,,,,,,,,,,,,,,,,,,,,
,,,,,,,,,,,,,,,,,,,,,,,,,
,,,,,,,,,,,,,,,,,,,,,,,,,
,,,,,,,,,,,,,,,,,,,,,,,,,
,,,,,,,,,,,,,,,,,,,,,,,,,
,,,,,,,,,,,,,,,,,,,,,,,,,
,,,,,,,,,,,,,,,,,,,,,,,,,
,,,,,,,,,,,,,,,,,,,,,,,,,
,,,,,,,,,,,,,,,,,,,,,,,,,
,,,,,,,,,,,,,,,,,,,,,,,,,
,,,,,,,,,,,,,,,,,,,,,,,,,
,,,,,,,,,,,,,,,,,,,,,,,,,
,,,,,,,,,,,,,,,,,,,,,,,,,
,,,,,,,,,,,,,,,,,,,,,,,,,
,,,,,,,,,,,,,,,,,,,,,,,,,
,,,,,,,,,,,,,,,,,,,,,,,,,
,,,,,,,,,,,,,,,,,,,,,,,,,
,,,,,,,,,,,,,,,,,,,,,,,,,
,,,,,,,,,,,,,,,,,,,,,,,,,
,,,,,,,,,,,,,,,,,,,,,,,,,
,,,,,,,,,,,,,,,,,,,,,,,,,
,,,,,,,,,,,,,,,,,,,,,,,,,
,,,,,,,,,,,,,,,,,,,,,,,,,
,,,,,,,,,,,,,,,,,,,,,,,,,
,,,,,,,,,,,,,,,,,,,,,,,,,
,,,,,,,,,,,,,,,,,,,,,,,,,
,,,,,,,,,,,,,,,,,,,,,,,,,
,,,,,,,,,,,,,,,,,,,,,,,,,
,,,,,,,,,,,,,,,,,,,,,,,,,
,,,,,,,,,,,,,,,,,,,,,,,,,
,,,,,,,,,,,,,,,,,,,,,,,,,
,,,,,,,,,,,,,,,,,,,,,,,,,
,,,,,,,,,,,,,,,,,,,,,,,,,
,,,,,,,,,,,,,,,,,,,,,,,,,
,,,,,,,,,,,,,,,,,,,,,,,,,
,,,,,,,,,,,,,,,,,,,,,,,,,
,,,,,,,,,,,,,,,,,,,,,,,,,
,,,,,,,,,,,,,,,,,,,,,,,,,
,,,,,,,,,,,,,,,,,,,,,,,,,
,,,,,,,,,,,,,,,,,,,,,,,,,
,,,,,,,,,,,,,,,,,,,,,,,,,
,,,,,,,,,,,,,,,,,,,,,,,,,
,,,,,,,,,,,,,,,,,,,,,,,,,
,,,,,,,,,,,,,,,,,,,,,,,,,
,,,,,,,,,,,,,,,,,,,,,,,,,
,,,,,,,,,,,,,,,,,,,,,,,,,
,,,,,,,,,,,,,,,,,,,,,,,,,
,,,,,,,,,,,,,,,,,,,,,,,,,
,,,,,,,,,,,,,,,,,,,,,,,,,
,,,,,,,,,,,,,,,,,,,,,,,,,
,,,,,,,,,,,,,,,,,,,,,,,,,
,,,,,,,,,,,,,,,,,,,,,,,,,
,,,,,,,,,,,,,,,,,,,,,,,,,
,,,,,,,,,,,,,,,,,,,,,,,,,
,,,,,,,,,,,,,,,,,,,,,,,,,
,,,,,,,,,,,,,,,,,,,,,,,,,
,,,,,,,,,,,,,,,,,,,,,,,,,
,,,,,,,,,,,,,,,,,,,,,,,,,
,,,,,,,,,,,,,,,,,,,,,,,,,
,,,,,,,,,,,,,,,,,,,,,,,,,
,,,,,,,,,,,,,,,,,,,,,,,,,
,,,,,,,,,,,,,,,,,,,,,,,,,
,,,,,,,,,,,,,,,,,,,,,,,,,
,,,,,,,,,,,,,,,,,,,,,,,,,
,,,,,,,,,,,,,,,,,,,,,,,,,
,,,,,,,,,,,,,,,,,,,,,,,,,
,,,,,,,,,,,,,,,,,,,,,,,,,
,,,,,,,,,,,,,,,,,,,,,,,,,
,,,,,,,,,,,,,,,,,,,,,,,,,
,,,,,,,,,,,,,,,,,,,,,,,,,
,,,,,,,,,,,,,,,,,,,,,,,,,
,,,,,,,,,,,,,,,,,,,,,,,,,
,,,,,,,,,,,,,,,,,,,,,,,,,
,,,,,,,,,,,,,,,,,,,,,,,,,
,,,,,,,,,,,,,,,,,,,,,,,,,
,,,,,,,,,,,,,,,,,,,,,,,,,
,,,,,,,,,,,,,,,,,,,,,,,,,
,,,,,,,,,,,,,,,,,,,,,,,,,
,,,,,,,,,,,,,,,,,,,,,,,,,
,,,,,,,,,,,,,,,,,,,,,,,,,
,,,,,,,,,,,,,,,,,,,,,,,,,
,,,,,,,,,,,,,,,,,,,,,,,,,
,,,,,,,,,,,,,,,,,,,,,,,,,
,,,,,,,,,,,,,,,,,,,,,,,,,
,,,,,,,,,,,,,,,,,,,,,,,,,
,,,,,,,,,,,,,,,,,,,,,,,,,
,,,,,,,,,,,,,,,,,,,,,,,,,
,,,,,,,,,,,,,,,,,,,,,,,,,
,,,,,,,,,,,,,,,,,,,,,,,,,
,,,,,,,,,,,,,,,,,,,,,,,,,
,,,,,,,,,,,,,,,,,,,,,,,,,
,,,,,,,,,,,,,,,,,,,,,,,,,
,,,,,,,,,,,,,,,,,,,,,,,,,
,,,,,,,,,,,,,,,,,,,,,,,,,
,,,,,,,,,,,,,,,,,,,,,,,,,
,,,,,,,,,,,,,,,,,,,,,,,,,
,,,,,,,,,,,,,,,,,,,,,,,,,
,,,,,,,,,,,,,,,,,,,,,,,,,
,,,,,,,,,,,,,,,,,,,,,,,,,
,,,,,,,,,,,,,,,,,,,,,,,,,
,,,,,,,,,,,,,,,,,,,,,,,,,
,,,,,,,,,,,,,,,,,,,,,,,,,
,,,,,,,,,,,,,,,,,,,,,,,,,
,,,,,,,,,,,,,,,,,,,,,,,,,
,,,,,,,,,,,,,,,,,,,,,,,,,
,,,,,,,,,,,,,,,,,,,,,,,,,
,,,,,,,,,,,,,,,,,,,,,,,,,
,,,,,,,,,,,,,,,,,,,,,,,,,
,,,,,,,,,,,,,,,,,,,,,,,,,
,,,,,,,,,,,,,,,,,,,,,,,,,
,,,,,,,,,,,,,,,,,,,,,,,,,
,,,,,,,,,,,,,,,,,,,,,,,,,
,,,,,,,,,,,,,,,,,,,,,,,,,
,,,,,,,,,,,,,,,,,,,,,,,,,
,,,,,,,,,,,,,,,,,,,,,,,,,
,,,,,,,,,,,,,,,,,,,,,,,,,
,,,,,,,,,,,,,,,,,,,,,,,,,
,,,,,,,,,,,,,,,,,,,,,,,,,
,,,,,,,,,,,,,,,,,,,,,,,,,
,,,,,,,,,,,,,,,,,,,,,,,,,
,,,,,,,,,,,,,,,,,,,,,,,,,
,,,,,,,,,,,,,,,,,,,,,,,,,
,,,,,,,,,,,,,,,,,,,,,,,,,
,,,,,,,,,,,,,,,,,,,,,,,,,
,,,,,,,,,,,,,,,,,,,,,,,,,
,,,,,,,,,,,,,,,,,,,,,,,,,
,,,,,,,,,,,,,,,,,,,,,,,,,
,,,,,,,,,,,,,,,,,,,,,,,,,
,,,,,,,,,,,,,,,,,,,,,,,,,
,,,,,,,,,,,,,,,,,,,,,,,,,
,,,,,,,,,,,,,,,,,,,,,,,,,
,,,,,,,,,,,,,,,,,,,,,,,,,
,,,,,,,,,,,,,,,,,,,,,,,,,
,,,,,,,,,,,,,,,,,,,,,,,,,
,,,,,,,,,,,,,,,,,,,,,,,,,
,,,,,,,,,,,,,,,,,,,,,,,,,
,,,,,,,,,,,,,,,,,,,,,,,,,
,,,,,,,,,,,,,,,,,,,,,,,,,
,,,,,,,,,,,,,,,,,,,,,,,,,
,,,,,,,,,,,,,,,,,,,,,,,,,
,,,,,,,,,,,,,,,,,,,,,,,,,
,,,,,,,,,,,,,,,,,,,,,,,,,
,,,,,,,,,,,,,,,,,,,,,,,,,
,,,,,,,,,,,,,,,,,,,,,,,,,
,,,,,,,,,,,,,,,,,,,,,,,,,
,,,,,,,,,,,,,,,,,,,,,,,,,
,,,,,,,,,,,,,,,,,,,,,,,,,
,,,,,,,,,,,,,,,,,,,,,,,,,
,,,,,,,,,,,,,,,,,,,,,,,,,
,,,,,,,,,,,,,,,,,,,,,,,,,
,,,,,,,,,,,,,,,,,,,,,,,,,
,,,,,,,,,,,,,,,,,,,,,,,,,
,,,,,,,,,,,,,,,,,,,,,,,,,
,,,,,,,,,,,,,,,,,,,,,,,,,
,,,,,,,,,,,,,,,,,,,,,,,,,
,,,,,,,,,,,,,,,,,,,,,,,,,
,,,,,,,,,,,,,,,,,,,,,,,,,
,,,,,,,,,,,,,,,,,,,,,,,,,
,,,,,,,,,,,,,,,,,,,,,,,,,
,,,,,,,,,,,,,,,,,,,,,,,,,
,,,,,,,,,,,,,,,,,,,,,,,,,
,,,,,,,,,,,,,,,,,,,,,,,,,
,,,,,,,,,,,,,,,,,,,,,,,,,
,,,,,,,,,,,,,,,,,,,,,,,,,
,,,,,,,,,,,,,,,,,,,,,,,,,
,,,,,,,,,,,,,,,,,,,,,,,,,
,,,,,,,,,,,,,,,,,,,,,,,,,
,,,,,,,,,,,,,,,,,,,,,,,,,
,,,,,,,,,,,,,,,,,,,,,,,,,
,,,,,,,,,,,,,,,,,,,,,,,,,
,,,,,,,,,,,,,,,,,,,,,,,,,
,,,,,,,,,,,,,,,,,,,,,,,,,
,,,,,,,,,,,,,,,,,,,,,,,,,
,,,,,,,,,,,,,,,,,,,,,,,,,
,,,,,,,,,,,,,,,,,,,,,,,,,
,,,,,,,,,,,,,,,,,,,,,,,,,
,,,,,,,,,,,,,,,,,,,,,,,,,
,,,,,,,,,,,,,,,,,,,,,,,,,
,,,,,,,,,,,,,,,,,,,,,,,,,
,,,,,,,,,,,,,,,,,,,,,,,,,
,,,,,,,,,,,,,,,,,,,,,,,,,
,,,,,,,,,,,,,,,,,,,,,,,,,
,,,,,,,,,,,,,,,,,,,,,,,,,
,,,,,,,,,,,,,,,,,,,,,,,,,
,,,,,,,,,,,,,,,,,,,,,,,,,
,,,,,,,,,,,,,,,,,,,,,,,,,
,,,,,,,,,,,,,,,,,,,,,,,,,
,,,,,,,,,,,,,,,,,,,,,,,,,
,,,,,,,,,,,,,,,,,,,,,,,,,
,,,,,,,,,,,,,,,,,,,,,,,,,
,,,,,,,,,,,,,,,,,,,,,,,,,
,,,,,,,,,,,,,,,,,,,,,,,,,
,,,,,,,,,,,,,,,,,,,,,,,,,
,,,,,,,,,,,,,,,,,,,,,,,,,
,,,,,,,,,,,,,,,,,,,,,,,,,
,,,,,,,,,,,,,,,,,,,,,,,,,
,,,,,,,,,,,,,,,,,,,,,,,,,
,,,,,,,,,,,,,,,,,,,,,,,,,
,,,,,,,,,,,,,,,,,,,,,,,,,
,,,,,,,,,,,,,,,,,,,,,,,,,
,,,,,,,,,,,,,,,,,,,,,,,,,
,,,,,,,,,,,,,,,,,,,,,,,,,
,,,,,,,,,,,,,,,,,,,,,,,,,
,,,,,,,,,,,,,,,,,,,,,,,,,
,,,,,,,,,,,,,,,,,,,,,,,,,
,,,,,,,,,,,,,,,,,,,,,,,,,
,,,,,,,,,,,,,,,,,,,,,,,,,
,,,,,,,,,,,,,,,,,,,,,,,,,
,,,,,,,,,,,,,,,,,,,,,,,,,
,,,,,,,,,,,,,,,,,,,,,,,,,
,,,,,,,,,,,,,,,,,,,,,,,,,
,,,,,,,,,,,,,,,,,,,,,,,,,
,,,,,,,,,,,,,,,,,,,,,,,,,
,,,,,,,,,,,,,,,,,,,,,,,,,
,,,,,,,,,,,,,,,,,,,,,,,,,
,,,,,,,,,,,,,,,,,,,,,,,,,
,,,,,,,,,,,,,,,,,,,,,,,,,
,,,,,,,,,,,,,,,,,,,,,,,,,
,,,,,,,,,,,,,,,,,,,,,,,,,
,,,,,,,,,,,,,,,,,,,,,,,,,
,,,,,,,,,,,,,,,,,,,,,,,,,
,,,,,,,,,,,,,,,,,,,,,,,,,
,,,,,,,,,,,,,,,,,,,,,,,,,
,,,,,,,,,,,,,,,,,,,,,,,,,
,,,,,,,,,,,,,,,,,,,,,,,,,
,,,,,,,,,,,,,,,,,,,,,,,,,
,,,,,,,,,,,,,,,,,,,,,,,,,
,,,,,,,,,,,,,,,,,,,,,,,,,
,,,,,,,,,,,,,,,,,,,,,,,,,
,,,,,,,,,,,,,,,,,,,,,,,,,
,,,,,,,,,,,,,,,,,,,,,,,,,
,,,,,,,,,,,,,,,,,,,,,,,,,
,,,,,,,,,,,,,,,,,,,,,,,,,
,,,,,,,,,,,,,,,,,,,,,,,,,
,,,,,,,,,,,,,,,,,,,,,,,,,
,,,,,,,,,,,,,,,,,,,,,,,,,
,,,,,,,,,,,,,,,,,,,,,,,,,
,,,,,,,,,,,,,,,,,,,,,,,,,
,,,,,,,,,,,,,,,,,,,,,,,,,
,,,,,,,,,,,,,,,,,,,,,,,,,
,,,,,,,,,,,,,,,,,,,,,,,,,
,,,,,,,,,,,,,,,,,,,,,,,,,
,,,,,,,,,,,,,,,,,,,,,,,,,
,,,,,,,,,,,,,,,,,,,,,,,,,
,,,,,,,,,,,,,,,,,,,,,,,,,
,,,,,,,,,,,,,,,,,,,,,,,,,
,,,,,,,,,,,,,,,,,,,,,,,,,
,,,,,,,,,,,,,,,,,,,,,,,,,
,,,,,,,,,,,,,,,,,,,,,,,,,
,,,,,,,,,,,,,,,,,,,,,,,,,
,,,,,,,,,,,,,,,,,,,,,,,,,
,,,,,,,,,,,,,,,,,,,,,,,,,
,,,,,,,,,,,,,,,,,,,,,,,,,
,,,,,,,,,,,,,,,,,,,,,,,,,
,,,,,,,,,,,,,,,,,,,,,,,,,
,,,,,,,,,,,,,,,,,,,,,,,,,
,,,,,,,,,,,,,,,,,,,,,,,,,
,,,,,,,,,,,,,,,,,,,,,,,,,
,,,,,,,,,,,,,,,,,,,,,,,,,
,,,,,,,,,,,,,,,,,,,,,,,,,
,,,,,,,,,,,,,,,,,,,,,,,,,
,,,,,,,,,,,,,,,,,,,,,,,,,
,,,,,,,,,,,,,,,,,,,,,,,,,
,,,,,,,,,,,,,,,,,,,,,,,,,
,,,,,,,,,,,,,,,,,,,,,,,,,
,,,,,,,,,,,,,,,,,,,,,,,,,
,,,,,,,,,,,,,,,,,,,,,,,,,
,,,,,,,,,,,,,,,,,,,,,,,,,
,,,,,,,,,,,,,,,,,,,,,,,,,
,,,,,,,,,,,,,,,,,,,,,,,,,
,,,,,,,,,,,,,,,,,,,,,,,,,
,,,,,,,,,,,,,,,,,,,,,,,,,
,,,,,,,,,,,,,,,,,,,,,,,,,
,,,,,,,,,,,,,,,,,,,,,,,,,
,,,,,,,,,,,,,,,,,,,,,,,,,
,,,,,,,,,,,,,,,,,,,,,,,,,
,,,,,,,,,,,,,,,,,,,,,,,,,
,,,,,,,,,,,,,,,,,,,,,,,,,
,,,,,,,,,,,,,,,,,,,,,,,,,
,,,,,,,,,,,,,,,,,,,,,,,,,
,,,,,,,,,,,,,,,,,,,,,,,,,
,,,,,,,,,,,,,,,,,,,,,,,,,
,,,,,,,,,,,,,,,,,,,,,,,,,
,,,,,,,,,,,,,,,,,,,,,,,,,
,,,,,,,,,,,,,,,,,,,,,,,,,
,,,,,,,,,,,,,,,,,,,,,,,,,
,,,,,,,,,,,,,,,,,,,,,,,,,
,,,,,,,,,,,,,,,,,,,,,,,,,
,,,,,,,,,,,,,,,,,,,,,,,,,
,,,,,,,,,,,,,,,,,,,,,,,,,
,,,,,,,,,,,,,,,,,,,,,,,,,
,,,,,,,,,,,,,,,,,,,,,,,,,
,,,,,,,,,,,,,,,,,,,,,,,,,
,,,,,,,,,,,,,,,,,,,,,,,,,
,,,,,,,,,,,,,,,,,,,,,,,,,
,,,,,,,,,,,,,,,,,,,,,,,,,
,,,,,,,,,,,,,,,,,,,,,,,,,
,,,,,,,,,,,,,,,,,,,,,,,,,
,,,,,,,,,,,,,,,,,,,,,,,,,
,,,,,,,,,,,,,,,,,,,,,,,,,
,,,,,,,,,,,,,,,,,,,,,,,,,
,,,,,,,,,,,,,,,,,,,,,,,,,
,,,,,,,,,,,,,,,,,,,,,,,,,
,,,,,,,,,,,,,,,,,,,,,,,,,
,,,,,,,,,,,,,,,,,,,,,,,,,
,,,,,,,,,,,,,,,,,,,,,,,,,
,,,,,,,,,,,,,,,,,,,,,,,,,
,,,,,,,,,,,,,,,,,,,,,,,,,
,,,,,,,,,,,,,,,,,,,,,,,,,
,,,,,,,,,,,,,,,,,,,,,,,,,
,,,,,,,,,,,,,,,,,,,,,,,,,
,,,,,,,,,,,,,,,,,,,,,,,,,
,,,,,,,,,,,,,,,,,,,,,,,,,
,,,,,,,,,,,,,,,,,,,,,,,,,
,,,,,,,,,,,,,,,,,,,,,,,,,
,,,,,,,,,,,,,,,,,,,,,,,,,
,,,,,,,,,,,,,,,,,,,,,,,,,
,,,,,,,,,,,,,,,,,,,,,,,,,
,,,,,,,,,,,,,,,,,,,,,,,,,
,,,,,,,,,,,,,,,,,,,,,,,,,
,,,,,,,,,,,,,,,,,,,,,,,,,
,,,,,,,,,,,,,,,,,,,,,,,,,
,,,,,,,,,,,,,,,,,,,,,,,,,
,,,,,,,,,,,,,,,,,,,,,,,,,
,,,,,,,,,,,,,,,,,,,,,,,,,
,,,,,,,,,,,,,,,,,,,,,,,,,
,,,,,,,,,,,,,,,,,,,,,,,,,
,,,,,,,,,,,,,,,,,,,,,,,,,
,,,,,,,,,,,,,,,,,,,,,,,,,
,,,,,,,,,,,,,,,,,,,,,,,,,
,,,,,,,,,,,,,,,,,,,,,,,,,
,,,,,,,,,,,,,,,,,,,,,,,,,
,,,,,,,,,,,,,,,,,,,,,,,,,
,,,,,,,,,,,,,,,,,,,,,,,,,
,,,,,,,,,,,,,,,,,,,,,,,,,
,,,,,,,,,,,,,,,,,,,,,,,,,
,,,,,,,,,,,,,,,,,,,,,,,,,
,,,,,,,,,,,,,,,,,,,,,,,,,
,,,,,,,,,,,,,,,,,,,,,,,,,
,,,,,,,,,,,,,,,,,,,,,,,,,
,,,,,,,,,,,,,,,,,,,,,,,,,
,,,,,,,,,,,,,,,,,,,,,,,,,
,,,,,,,,,,,,,,,,,,,,,,,,,
,,,,,,,,,,,,,,,,,,,,,,,,,
,,,,,,,,,,,,,,,,,,,,,,,,,
,,,,,,,,,,,,,,,,,,,,,,,,,
,,,,,,,,,,,,,,,,,,,,,,,,,
,,,,,,,,,,,,,,,,,,,,,,,,,
,,,,,,,,,,,,,,,,,,,,,,,,,
,,,,,,,,,,,,,,,,,,,,,,,,,
,,,,,,,,,,,,,,,,,,,,,,,,,
,,,,,,,,,,,,,,,,,,,,,,,,,
,,,,,,,,,,,,,,,,,,,,,,,,,
,,,,,,,,,,,,,,,,,,,,,,,,,
,,,,,,,,,,,,,,,,,,,,,,,,,
,,,,,,,,,,,,,,,,,,,,,,,,,
,,,,,,,,,,,,,,,,,,,,,,,,,
,,,,,,,,,,,,,,,,,,,,,,,,,
,,,,,,,,,,,,,,,,,,,,,,,,,
,,,,,,,,,,,,,,,,,,,,,,,,,
,,,,,,,,,,,,,,,,,,,,,,,,,
,,,,,,,,,,,,,,,,,,,,,,,,,
,,,,,,,,,,,,,,,,,,,,,,,,,
,,,,,,,,,,,,,,,,,,,,,,,,,
,,,,,,,,,,,,,,,,,,,,,,,,,
,,,,,,,,,,,,,,,,,,,,,,,,,
,,,,,,,,,,,,,,,,,,,,,,,,,
,,,,,,,,,,,,,,,,,,,,,,,,,
,,,,,,,,,,,,,,,,,,,,,,,,,
,,,,,,,,,,,,,,,,,,,,,,,,,
,,,,,,,,,,,,,,,,,,,,,,,,,
,,,,,,,,,,,,,,,,,,,,,,,,,
,,,,,,,,,,,,,,,,,,,,,,,,,
,,,,,,,,,,,,,,,,,,,,,,,,,
,,,,,,,,,,,,,,,,,,,,,,,,,
,,,,,,,,,,,,,,,,,,,,,,,,,
,,,,,,,,,,,,,,,,,,,,,,,,,
,,,,,,,,,,,,,,,,,,,,,,,,,
,,,,,,,,,,,,,,,,,,,,,,,,,
,,,,,,,,,,,,,,,,,,,,,,,,,
,,,,,,,,,,,,,,,,,,,,,,,,,
,,,,,,,,,,,,,,,,,,,,,,,,,
,,,,,,,,,,,,,,,,,,,,,,,,,
,,,,,,,,,,,,,,,,,,,,,,,,,
,,,,,,,,,,,,,,,,,,,,,,,,,
,,,,,,,,,,,,,,,,,,,,,,,,,
,,,,,,,,,,,,,,,,,,,,,,,,,
,,,,,,,,,,,,,,,,,,,,,,,,,
,,,,,,,,,,,,,,,,,,,,,,,,,
,,,,,,,,,,,,,,,,,,,,,,,,,
,,,,,,,,,,,,,,,,,,,,,,,,,
,,,,,,,,,,,,,,,,,,,,,,,,,
,,,,,,,,,,,,,,,,,,,,,,,,,
,,,,,,,,,,,,,,,,,,,,,,,,,
,,,,,,,,,,,,,,,,,,,,,,,,,
,,,,,,,,,,,,,,,,,,,,,,,,,
,,,,,,,,,,,,,,,,,,,,,,,,,
,,,,,,,,,,,,,,,,,,,,,,,,,
,,,,,,,,,,,,,,,,,,,,,,,,,
,,,,,,,,,,,,,,,,,,,,,,,,,
,,,,,,,,,,,,,,,,,,,,,,,,,
,,,,,,,,,,,,,,,,,,,,,,,,,
,,,,,,,,,,,,,,,,,,,,,,,,,
,,,,,,,,,,,,,,,,,,,,,,,,,
,,,,,,,,,,,,,,,,,,,,,,,,,
,,,,,,,,,,,,,,,,,,,,,,,,,
,,,,,,,,,,,,,,,,,,,,,,,,,
,,,,,,,,,,,,,,,,,,,,,,,,,
,,,,,,,,,,,,,,,,,,,,,,,,,
,,,,,,,,,,,,,,,,,,,,,,,,,
,,,,,,,,,,,,,,,,,,,,,,,,,
,,,,,,,,,,,,,,,,,,,,,,,,,
,,,,,,,,,,,,,,,,,,,,,,,,,
,,,,,,,,,,,,,,,,,,,,,,,,,
,,,,,,,,,,,,,,,,,,,,,,,,,
,,,,,,,,,,,,,,,,,,,,,,,,,
,,,,,,,,,,,,,,,,,,,,,,,,,
,,,,,,,,,,,,,,,,,,,,,,,,,
,,,,,,,,,,,,,,,,,,,,,,,,,
,,,,,,,,,,,,,,,,,,,,,,,,,
,,,,,,,,,,,,,,,,,,,,,,,,,
,,,,,,,,,,,,,,,,,,,,,,,,,
,,,,,,,,,,,,,,,,,,,,,,,,,
,,,,,,,,,,,,,,,,,,,,,,,,,
,,,,,,,,,,,,,,,,,,,,,,,,,
,,,,,,,,,,,,,,,,,,,,,,,,,
,,,,,,,,,,,,,,,,,,,,,,,,,
,,,,,,,,,,,,,,,,,,,,,,,,,
,,,,,,,,,,,,,,,,,,,,,,,,,
,,,,,,,,,,,,,,,,,,,,,,,,,
,,,,,,,,,,,,,,,,,,,,,,,,,
,,,,,,,,,,,,,,,,,,,,,,,,,
,,,,,,,,,,,,,,,,,,,,,,,,,
,,,,,,,,,,,,,,,,,,,,,,,,,
,,,,,,,,,,,,,,,,,,,,,,,,,
,,,,,,,,,,,,,,,,,,,,,,,,,
,,,,,,,,,,,,,,,,,,,,,,,,,
,,,,,,,,,,,,,,,,,,,,,,,,,
,,,,,,,,,,,,,,,,,,,,,,,,,
,,,,,,,,,,,,,,,,,,,,,,,,,
,,,,,,,,,,,,,,,,,,,,,,,,,
,,,,,,,,,,,,,,,,,,,,,,,,,
,,,,,,,,,,,,,,,,,,,,,,,,,
,,,,,,,,,,,,,,,,,,,,,,,,,
,,,,,,,,,,,,,,,,,,,,,,,,,
,,,,,,,,,,,,,,,,,,,,,,,,,
,,,,,,,,,,,,,,,,,,,,,,,,,
,,,,,,,,,,,,,,,,,,,,,,,,,
,,,,,,,,,,,,,,,,,,,,,,,,,
,,,,,,,,,,,,,,,,,,,,,,,,,
,,,,,,,,,,,,,,,,,,,,,,,,,
,,,,,,,,,,,,,,,,,,,,,,,,,
,,,,,,,,,,,,,,,,,,,,,,,,,
,,,,,,,,,,,,,,,,,,,,,,,,,
,,,,,,,,,,,,,,,,,,,,,,,,,
,,,,,,,,,,,,,,,,,,,,,,,,,
,,,,,,,,,,,,,,,,,,,,,,,,,
,,,,,,,,,,,,,,,,,,,,,,,,,
,,,,,,,,,,,,,,,,,,,,,,,,,
,,,,,,,,,,,,,,,,,,,,,,,,,
,,,,,,,,,,,,,,,,,,,,,,,,,
,,,,,,,,,,,,,,,,,,,,,,,,,
,,,,,,,,,,,,,,,,,,,,,,,,,
,,,,,,,,,,,,,,,,,,,,,,,,,
,,,,,,,,,,,,,,,,,,,,,,,,,
,,,,,,,,,,,,,,,,,,,,,,,,,
,,,,,,,,,,,,,,,,,,,,,,,,,
,,,,,,,,,,,,,,,,,,,,,,,,,
,,,,,,,,,,,,,,,,,,,,,,,,,
,,,,,,,,,,,,,,,,,,,,,,,,,
,,,,,,,,,,,,,,,,,,,,,,,,,
,,,,,,,,,,,,,,,,,,,,,,,,,
,,,,,,,,,,,,,,,,,,,,,,,,,
,,,,,,,,,,,,,,,,,,,,,,,,,
,,,,,,,,,,,,,,,,,,,,,,,,,
,,,,,,,,,,,,,,,,,,,,,,,,,
,,,,,,,,,,,,,,,,,,,,,,,,,
,,,,,,,,,,,,,,,,,,,,,,,,,
,,,,,,,,,,,,,,,,,,,,,,,,,
,,,,,,,,,,,,,,,,,,,,,,,,,
,,,,,,,,,,,,,,,,,,,,,,,,,
,,,,,,,,,,,,,,,,,,,,,,,,,
